{"cameraMode":{"drawMode":0,"name":"Shaded","section":"Shading Mode"},"sceneLighting":true,"audioPlay":false,"sceneViewState":{"showFog":true,"showMaterialUpdate":false,"showSkybox":true,"showFlares":true,"showImageEffects":true,"showParticleSystems":true},"in2DMode":false,"pivot":{"x":-34.619937896728519,"y":78.63972473144531,"z":-41.27587127685547},"rotation":{"x":-0.5367625951766968,"y":-0.32448291778564455,"z":0.23451021313667298,"w":-0.7427029609680176},"size":-7.633419036865234,"orthographic":false}